{
  "H": [
    [
      1.0511461781943032,
      0.17290392579786718,
      -86.10005672537102
    ],
    [
      -0.025638684131833633,
      1.2162353501387457,
      -89.56947987923051
    ],
    [
      2.7989060805674687e-05,
      0.000598514839839332,
      1
    ]
  ],
  "base_mm": {
    "x": 222,
    "y": -173
  },
  "beaker_large_drop_pose": {
    "s1": 165,
    "s3": 100
  },
  "beaker_large_pick_pose": {
    "s1": 170,
    "s3": 105
  },
  "beaker_large_place_pose": {
    "s1": 170,
    "s3": 105
  },
  "beaker_small_drop_pose": {
    "s1": 165,
    "s3": 110
  },
  "beaker_small_pick_pose": {
    "s1": 170,
    "s3": 115
  },
  "beaker_small_place_pose": {
    "s1": 170,
    "s3": 115
  },
  "camera_clear": {
    "base": 90,
    "s1": 80,
    "s2": 180,
    "s3": 90,
    "s4": 80,
    "s5": 80
  },
  "colobj_drop_pose": {
    "s1": 130,
    "s3": 130
  },
  "colobj_pick_pose": {
    "s1": 170,
    "s3": 120
  },
  "colobj_place_pose": {
    "s1": 160,
    "s3": 130
  },
  "op_base_offset_deg": {
    "drop": 0,
    "place": 0,
    "pour": 5
  },
  "plane_size_mm": [
    500,
    260
  ],
  "pour": {
    "dwell_ms": 1400,
    "rest_deg": 80,
    "settle_ms": 250,
    "twist_deg": 180,
    "hover_s1_target": 140,
    "hover_s3_target": 120
  },
  "servo_map": {
    "base": {
      "correction": [
        { "yaw": 130,  "deg":  7 },
        { "yaw": 100, "deg": 5 },
        { "yaw": 50, "deg": -3 }
      ],
      "offset": -3.717183685356318,
      "offset_high": 0,
      "offset_low": 0,
      "radial_k": 0,
      "radial_r0": 220,
      "scale_high": 1.0590147347845706,
      "scale_low": 1.155687407409621,
      "split": 90
    },
    "shoulder": {
      "offset": 180,
      "scale": -1
    },
    "wrist": {
      "offset": 90,
      "scale": 1
    }
  }
}
